# id | id no Deezer | duração (s) | BPM do Deezer (0 = sem) | título achado. Gerado por tools/data/fetch-extra.mjs.
3-doors-down--kryptonite|2511224|234|98.9|Kryptonite
3-doors-down--when-im-gone|62294829|260|0|When I'm Gone
311--beautiful-disaster|13176042|240|168.1|Beautiful Disaster
38-special--hold-on-loosely|2525880|279|127.6|Hold On Loosely
a-flock-of-seagulls--i-ran-so-far-away|3867266271|304|145.6|I Ran (So Far Away)
a-perfect-circle--judith|3135442|245|0|Judith
a-perfect-circle--the-outsider|3092700|246|0|The Outsider
accept--balls-to-the-wall|3994552781|344|0|Balls to the Wall (feat. Rob Halford, Matthias Jabs, Rex Brown, Jason Bowld)
aerosmith--back-in-the-saddle|2061078527|279|0|Back In the Saddle
aerosmith--beyond-beautiful|2058921017|285|0|Beyond Beautiful
aerosmith--bright-light-fright|13620572|139|148.2|Bright Light Fright
aerosmith--combination|2058920207|219|0|Combination
aerosmith--cryin|2246520677|308|0|Cryin'
aerosmith--draw-the-line|13620590|203|143.6|Draw The Line
aerosmith--dream-on|2431707315|265|0|Dream On
aerosmith--kings-and-queens|13620579|295|124.5|Kings And Queens
aerosmith--last-child|2061078537|207|0|Last Child
aerosmith--let-the-music-do-the-talking|2262178|224|170.8|Let The Music Do The Talking
aerosmith--livin-on-the-edge|1105731|377|168.8|Livin' On The Edge
aerosmith--love-in-an-elevator|11288905|322|93.5|Love In An Elevator (Single Version)
aerosmith--make-it|3903961311|218|0|Make It
aerosmith--mama-kin|2061078507|263|0|Mama Kin
aerosmith--movin-out|3903961371|302|0|Movin' Out
aerosmith--no-surprize|13620593|265|138.7|No Surprize
aerosmith--nobodys-fault|2058920227|265|0|Nobody's Fault
aerosmith--pandoras-box|2058920167|344|0|Pandora's Box
aerosmith--pink|2070235747|235|0|Pink
aerosmith--rag-doll|2125095|264|93.5|Rag Doll
aerosmith--rats-in-the-cellar|2058920197|246|0|Rats In The Cellar
aerosmith--same-old-song-and-dance|2061077627|233|0|Same Old Song and Dance
aerosmith--sweet-emotion|2061076857|274|0|Sweet Emotion
aerosmith--toys-in-the-attic|2061076807|185|0|Toys In The Attic
aerosmith--train-kept-a-rollin|2061077637|333|0|Train Kept a Rollin'
aerosmith--uncle-salty|2061076817|250|0|Uncle Salty
aerosmith--walk-this-way|2061077777|220|109.1|Walk This Way
aerosmith-featuring-run-dmc--walk-this-way|||0|
afi--dancing-through-sunday|88380245|146|114.2|Dancing Through Sunday
afi--medicate|4255787|260|184.6|Medicate
afi--miss-murder|2253494|206|144.1|Miss Murder
airbourne--too-much-too-young-too-fast|1744435477|226|0|Too Much, Too Young, Too Fast
alice-cooper--billion-dollar-babies|730677|222|181.3|Billion Dollar Babies
alice-cooper--no-more-mr-nice-guy|768443|187|128|No More Mr. Nice Guy
alice-cooper--schools-out|730866|210|136|School's Out
alice-in-chains--no-excuses|1038556|256|117.1|No Excuses
alice-in-chains--them-bones|15178296|149|0|Them Bones (2022 Remaster)
all-that-remains--six|1761540297|202|0|Six
alphabeat--fascination|14194027|184|97.1|Fascination
alter-bridge--come-to-life|7256535|231|97|Come To Life
alter-bridge--ties-that-bind|7256534|199|83.5|Ties That Bind
aly-and-aj--like-whoa|23529301|151|120.9|Like Whoa
an-endless-sporadic--impulse|78027221|266|99.9|Impulse
anarchy-club--behind-the-mask|16949870|165|94|Behind The Mask
anarchy-club--collide|74561197|195|109.1|Collide
anberlin--the-feel-good-drag|6954947|187|0|Feel Good Drag
angels-and-airwaves--the-adventure|2539964|312|144.1|The Adventure
anouk--good-god|3385193|153|164.1|Good God
anthrax--caught-in-a-mosh|3212862171|299|0|Caught In A Mosh
anthrax--indians|1103953|340|104.1|Indians
anthrax--madhouse|1176687|259|0|Madhouse
arch-enemy--nemesis|108545798|252|97.5|Nemesis
arctic-monkeys--brianstorm|4315378|172|165.4|Brianstorm
arctic-monkeys--r-u-mine|70322132|201|97.1|R U Mine?
artillery--the-breaking-wheel|||0|
asia--heat-of-the-moment|552379902|229|137.4|Heat Of The Moment
at-the-drive-in--one-armed-scissor|2202119247|260|0|One Armed Scissor
atreyu--ravenous|||0|
attack-attack--you-and-me|1496276132|209|0|You And Me
audioslave--cochise|851046|222|160.9|Cochise
avenged-sevenfold--bat-country|3664340|311|124.9|Bat Country
avenged-sevenfold--beast-and-the-harlot|785828|343|155.4|Beast and the Harlot
avril-lavigne--heres-to-never-growing-up|637567842|214|164.7|Here's to Never Growing Up
backyard-babies--minus-celsius|636627|214|156|Minus Celsius
bad-brains--re-ignition|700811252|256|0|Re-Ignition
bad-religion--infected|378132221|247|121.2|Infected
band-of-horses--cigarettes-wedding-bands|1137178932|275|0|Cigarettes, Wedding Bands
band-of-skulls--i-know-what-i-am|3152954351|198|0|I Know What I Am (Remastered 2024)
bang-camaro--push-push-lady-lightning|76927989|281|112|Push Push (Lady Lightning)
beastie-boys--gratitude|3148259|165|161.5|Gratitude (Remastered 2009)
beastie-boys--sabotage|3119536|178|168.1|Sabotage
beastie-boys-featuring-kerry-king--no-sleep-till-brooklyn|||0|
beatsteaks--hail-to-the-freaks|106828486|193|150.9|Hail to the Freaks (2015 Remaster)
beck--gamma-ray|496486452|176|168.1|Gamma Ray
ben-harper-and-the-innocent-criminals--steal-my-kisses|3395203|245|0|Steal My Kisses
biffy-clyro--victory-over-the-sun|63790903|239|146.1|Victory Over the Sun
big-country--in-a-big-country|1581552|282|126.4|In A Big Country
billy-idol--dancing-with-myself|1798939627|227|0|Dancing with Myself (2001 Remaster)
billy-idol--rebel-yell|353398301|285|166|Rebel Yell
billy-idol--white-wedding-part-1|355108531|252|147.1|White Wedding (Pt. 1)
billy-squier--lonely-is-the-night|10197546|279|168.1|Lonely Is The Night
black-label-society--fire-it-up|559597822|300|92.5|Fire It Up
black-label-society--stillborn|559598872|196|107.1|Stillborn
black-rebel-motorcycle-club--weapon-of-choice|||0|
black-sabbath--children-of-the-grave|3783164482|315|0|Children of the Grave (Remastered 2009)
black-sabbath--iron-man|3788156072|356|0|Iron Man (Remastered 2009)
black-sabbath--paranoid|3788156052|169|0|Paranoid (Remastered 2009)
black-sabbath--war-pigs|3788156042|476|0|War Pigs (Remastered 2009)
blind-melon--tones-of-home|3359647|266|115.2|Tones Of Home
blink-182--dammit|127354201|166|108.8|Dammit
blink-182--first-date|125173830|169|191.4|First Date
blink-182--the-rock-show|125173836|169|193.2|The Rock Show
bloc-party--helicopter|679919182|255|176.7|Helicopter (Live)
blondie--one-way-or-another|3100596|214|0|One Way Or Another (Remastered 2001)
blue-oyster-cult--burnin-for-you|68908937|270|134.2|Burnin' for You
blue-oyster-cult--cities-on-flame-with-rock-and-roll|82692282|243|177.4|Cities On Flame with Rock and Roll
blue-oyster-cult--godzilla|15740554|221|182.9|Godzilla
blur--song-2|3102130|121|129.6|Song 2
bob-dylan--all-along-the-watchtower|15347301|152|129.2|All Along the Watchtower
bob-seger-and-the-silver-bullet-band--hollywood-nights|1445506722|299|0|Hollywood Nights
bob-seger-and-the-silver-bullet-band--turn-the-page|1445506702|301|0|Turn The Page (Live)
bon-jovi--livin-on-a-prayer|538660022|249|122.3|Livin' On A Prayer
bon-jovi--you-give-love-a-bad-name|577487242|222|122.7|You Give Love A Bad Name
boston--more-than-a-feeling|1037414|285|109.4|More Than a Feeling
brand-new--sowing-season-yeah|1175262|270|116.5|Sowing Season (Yeah)
bret-michaels-band--go-that-far|||0|
brian-kahanek--gemini|||0|
bring-me-the-horizon--shadow-moses|65245766|242|143.1|Shadow Moses
buckethead--jordan|||0|
bullet-for-my-valentine--scream-aim-fire|2651009|266|101.6|Scream Aim Fire
burning-brides--heart-full-of-black|11536311|195|145.6|Heart Full of Black
bush--comedown|361116521|326|139.7|Comedown (Remastered)
bush--machinehead|361116541|256|112.7|Machinehead (Remastered 2014)
buzzcocks--what-do-i-get|67558866|163|95.3|What Do I Get?
carl-douglas--kung-fu-fighting|3782909292|198|113|Kung Fu Fighting
cheap-trick--dream-police|82325634|233|0|Dream Police
cheap-trick--i-want-you-to-want-me|104760756|191|92.7|I Want You to Want Me
cheap-trick--surrender|13165306|253|133.8|Surrender
children-of-bodom--done-with-everything-die-for-nothing|2213360907|209|0|Done with Everything, Die for Nothing
children-of-bodom--if-you-want-peace-prepare-for-war|2213317867|237|0|If You Want Peace... Prepare For War
cold-war-kids--hang-me-up-to-dry|91037169|218|0|Hang Me Up to Dry
coldplay--in-my-place|3098838|226|144.6|In My Place
coldplay--shiver|3128093|304|117.1|Shiver
corinne-bailey-rae--put-your-records-on|3119484|215|95.9|Put Your Records On
corrosion-of-conformity--albatross|3786118382|359|0|Albatross (Live at Harpo's Concert Theatre, Detroit 20.04.2001)
count-zero--radium-eyes|11341968|206|124.2|Radium Eyes (GH2)
count-zero--sail-your-ship-by|1763589|264|136.4|Sail Your Ship By
counting-crows--angels-of-the-silences|2963058|218|158.4|Angels Of The Silences
cream--crossroads|1175616|254|131.7|Crossroads (Live)
cream--sunshine-of-your-love|1175615|250|115.2|Sunshine Of Your Love
creedence-clearwater-revival--fortunate-son|883648|138|132.9|Fortunate Son
creedence-clearwater-revival--up-around-the-bend|883663|159|130.4|Up Around The Bend
culture-club--do-you-really-want-to-hurt-me|3152785|262|100.3|Do You Really Want To Hurt Me
danzig--mother|7597630|206|152|Mother
darker-my-love--blue-day|||0|
darkest-hour--demon-s|1286112112|228|0|DEMON(S)
dashboard-confessional--hands-down|661533112|187|187.9|Hands Down
david-bowie--fame|141820055|261|95.9|Fame (2016 Remaster)
david-bowie--lets-dance|565656032|249|113.9|Let's Dance (2018 Remaster)
david-bowie--ziggy-stardust|107471936|193|158.4|Ziggy Stardust (2012 Remaster)
dead-kennedys--holiday-in-cambodia|1360041482|277|0|Holiday in Cambodia
dead-kennedys--police-truck|1668747012|145|0|Police Truck
deap-vally--lies|68119545|185|162.8|Lies
deep-purple--burn|3106906|364|98.7|Burn (Remastered 2004)
deep-purple--hush|3436057|266|108.2|Hush (1998 Remaster)
deep-purple--smoke-on-the-water|60840057|340|113.9|Smoke On The Water (Remastered 2012)
deep-purple--space-truckin|60840059|271|129.2|Space Truckin' (Remastered 2012)
deep-purple--woman-from-tokyo|3435681|348|126.8|Woman From Tokyo (Remastered 2000)
def-leppard--pour-some-sugar-on-me|447552822|265|170.1|Pour Some Sugar On Me
dethklok--bloodlines|63302812|210|110|Bloodlines (album)
dethklok--thunderhorse|730763|165|0|Thunderhorse
devo--whip-it|14631314|165|159.6|Whip It (Live)
diamond-head--am-i-evil|665427042|440|0|Am I Evil
dick-dale--misirlou|7680019|160|98.2|Misirlou
die-toten-hosen--hier-kommt-alex|142393465|234|133.8|Hier kommt Alex
din--fly-on-the-wall|76727554|179|149.8|Fly On The Wall
dinosaur-jr--feel-the-pain|2970432181|258|131.2|Feel the Pain
dio--holy-diver|1145260|340|182.9|Holy Diver
dire-straits--money-for-nothing|2514681|505|134.2|Money For Nothing
dire-straits--sultans-of-swing|2263033|350|148.2|Sultans Of Swing
disturbed--stricken|788807|245|0|Stricken
don-mclean--american-pie|3156285|517|138.7|American Pie
dope--nothing-for-me-here|66024300|183|173|Nothing For Me Here
dragonforce--fury-of-the-storm|2213738057|406|0|Fury of the Storm
dragonforce--through-the-fire-and-flames|2213095667|439|0|Through The Fire And Flames
dream-theater--pull-me-under|2814112|493|102.1|Pull Me Under
drist--arterial-black|11170529|195|147.1|Arterial Black
drist--decontrol|11170526|212|104.9|Decontrol
drowning-pool--bodies|80274568|201|130.8|Bodies
duffy--warwick-avenue|914258|226|84.5|Warwick Avenue
duran-duran--hungry-like-the-wolf|3130433|209|127.2|Hungry Like the Wolf
duran-duran--rio|4127462|337|141.1|Rio (2009 Remaster)
eagles--hotel-california|426703682|391|147.1|Hotel California (2013 Remaster)
eagles-of-death-metal--wannabe-in-la|389065851|372|160.9|Wannabe In L.A. (Live)
eddie-money--shakin|1079382|188|113.3|Shakin'
elbow--grounds-for-divorce|1088124|219|91.9|Grounds for Divorce
elliott-smith--la|2285243|194|173.7|L.A.
elton-john--saturday-nights-alright-for-fighting|75859746|294|152.6|Saturday Night’s Alright (For Fighting) (Remastered 2014)
eminem--berzerk|1853470017|238|0|Berzerk
eric-johnson--cliffs-of-dover|14600400|249|95|Cliffs Of Dover (Instrumental)
evanescence--bring-me-to-life|80274512|235|95|Bring Me To Life
everclear--santa-monica|3662453372|191|0|Santa Monica (Remastered 2025)
every-time-i-die--the-new-black|902833|172|149.8|The New Black
extreme--play-with-me|2515337|209|101.3|Play With Me
face-to-face--disconnected|3471397751|208|0|Disconnected
fall-out-boy--dance-dance|1138246|180|114.5|Dance, Dance
fall-out-boy--my-songs-know-what-you-did-in-the-dark-light-em-up|66404564|189|152|My Songs Know What You Did In The Dark (Light Em Up)
fall-out-boy--sugar-were-goin-down|1138247|232|0|Sugar, We're Goin Down
faster-pussycat--bathroom-wall|4085232|221|167.4|Bathroom Wall
filter--hey-man-nice-shot|1444372362|225|0|Hey Man Nice Shot (Nickel Bag)
filter--take-a-picture|1444388582|363|0|Take A Picture
finger-eleven--paralyzer|80275000|208|0|Paralyzer
five-finger-death-punch--hard-to-see|1071232332|209|112|Hard to See
fleetwood-mac--go-your-own-way|63480990|223|135.1|Go Your Own Way (2004 Remaster)
flyleaf--again|94359712|184|156|Again
foghat--slow-ride|2258092517|494|113|Slow Ride
foo-fighters--best-of-you|4311595|256|130.8|Best of You
foo-fighters--everlong|4762041|250|157.8|Everlong
foo-fighters--monkey-wrench|4311601|231|87|Monkey Wrench
foo-fighters--no-way-back|15422119|196|93.1|No Way Back
foo-fighters--stacked-actors|15479796|257|134.7|Stacked Actors
foreigner--double-vision|3659576|224|129.6|Double Vision
foreigner--feels-like-the-first-time|977932|232|107.7|Feels like the First Time (2008 Remaster)
fountains-of-wayne--stacys-mom|3090887|197|0|Stacy's Mom
franz-ferdinand--take-me-out|4315684|237|104.4|Take Me Out
freezepop--get-ready-2-rokk|81660996|179|189.7|Get Ready 2 Rokk
freezepop--less-talk-more-rokk|648440042|294|0|Less Talk More Rokk
gallows--in-the-belly-of-a-shark|717266|161|104.4|In the Belly of a Shark
garbage--only-happy-when-it-rains|3788156222|236|0|Only Happy When It Rains
george-thorogood-and-the-destroyers--move-it-on-over|601837252|260|146.6|Move It On Over
good-charlotte--the-anthem|7675611|175|177.4|The Anthem
gorillaz--feel-good-inc|3129407|222|138.3|Feel Good Inc.
govt-mule--streamline-woman|82152920|246|0|Streamline Woman
grand-funk-railroad--were-an-american-band|3137535|205|0|We're An American Band (Remastered 2002)
graveyard-bbq--cheat-on-the-church|9534455|248|143.1|Cheat On the Church
green-day--nuclear-family|60779983|183|175.9|Nuclear Family
guns-n-roses--sweet-child-o-mine|518458172|355|124.5|Sweet Child O' Mine
guns-n-roses--welcome-to-the-jungle|518458092|271|123.1|Welcome To The Jungle
halestorm--love-bites-so-do-i|17546556|191|124.9|Love Bites (So Do I)
heart--barracuda|1080638|264|136.4|Barracuda
heart--crazy-on-you|3127720|294|131.7|Crazy On You
hellacopters--im-in-the-band|2460484|199|166.7|I'm In The Band
helmet--unsung|2445710|237|162.8|Unsung
heroes-del-silencio--avalancha|3488333|358|149.3|Avalancha
hilary-duff--so-yesterday|24171441|215|156.6|So Yesterday
hinder--lips-of-an-angel|1138329|261|128.8|Lips Of An Angel
honest-bob-and-the-factory-to-dealer-incentives--hey|||0|
honest-bob-and-the-factory-to-dealer-incentives--soy-bomb|||0|
hushpuppies--youre-gonna-say-yeah|||0|
iggy-pop--lust-for-life|366455951|311|101.1|Lust For Life
iggy-pop-and-the-stooges--search-and-destroy|2008359287|229|0|Search And Destroy
imagine-dragons--demons|63510361|175|89.9|Demons
in-flames--take-this-life|866930402|215|0|Take This Life
incubus--stellar|14876847|200|128|Stellar
interpol--obstacle-1|944791|251|0|Obstacle 1
interpol--slow-hands|10291311|180|0|Slow Hands (Eden Session)
iron-maiden--2-minutes-to-midnight|585594602|363|189.7|2 Minutes to Midnight (2015 Remaster)
iron-maiden--the-number-of-the-beast|585704632|290|100.8|The Number of the Beast (2015 Remaster)
iron-maiden--the-trooper|3155089|250|162.8|The Trooper (1998 Remaster)
iron-maiden--wrathchild|585592842|175|104.4|Wrathchild (2015 Remaster)
jack-white--lazaretto|79088592|219|180.5|Lazaretto
janes-addiction--been-caught-stealing|3667041|214|103.6|Been Caught Stealing
janes-addiction--mountain-song|8175355|241|168.1|Mountain Song
janes-addiction--stop|3667037|254|123.4|Stop!
janet-jackson--black-cat|2459649|290|114.8|Black Cat
jeff-beck--scatterbrain|82314688|340|131.2|Scatterbrain
jesse-mccartney--beautiful-soul|5082526|214|179.8|Beautiful Soul
jethro-tull--aqualung|3105318|395|123.1|Aqualung
jimmy-eat-world--bleed-american|623714192|181|0|Bleed American
jimmy-eat-world--pain|642679242|181|168.1|Pain
jimmy-eat-world--the-middle|623714212|166|162.1|The Middle
joan-jett--bad-reputation|3806985592|169|0|Bad Reputation
joan-jett--i-hate-myself-for-loving-you|3790552832|247|0|I Hate Myself for Loving You
joan-jett-and-the-blackhearts--i-love-rock-n-roll|3795205892|175|0|I Love Rock 'N Roll
joe-perry--mercy|569482|262|115.5|Mercy
joe-perry--shakin-my-cage|560284|253|98.2|Shakin' My Cage
joe-perry--talk-talkin|569476|212|123|Talk Talkin'
joe-satriani--satch-boogie|8146937|193|108|Satch Boogie
john-5-featuring-jim-root--black-widow-of-la-porte|||0|
john-mellencamp--hurts-so-good|2512462|219|125.7|Hurts So Good
johnny-cash--ring-of-fire|856630|155|104.4|Ring of Fire
joss-stone--you-had-me|13793523|239|102.1|You Had Me
judas-priest--electric-eye|870936|218|97|Electric Eye
judas-priest--hell-bent-for-leather|4089249611|159|0|Hell Bent for Leather
judas-priest--painkiller|864761|365|0|Painkiller
judas-priest--youve-got-another-thing-comin|870942|310|0|You've Got Another Thing Comin'
kaiser-chiefs--never-miss-a-beat|2241635|187|156|Never Miss A Beat
kaiser-chiefs--ruby|26608051|203|187.9|Ruby
kansas--carry-on-wayward-son|4006895|323|127.2|Carry on Wayward Son
kasabian--club-foot|598671|214|102.1|Club Foot
katrina-and-the-waves--walking-on-sunshine|3166724|238|110|Walking On Sunshine
katy-perry--waking-up-in-vegas|3117360731|200|0|Waking Up in Vegas (Radio Edit)
kent--vinternoll2|71490093|264|137.8|VinterNoll2
killswitch-engage--my-curse|660710|244|173.7|My Curse
killswitch-engage--the-end-of-heartache|2815339|298|123.8|The End of Heartache
king-crimson--21st-century-schizoid-man|616871342|117|0|21st Century Schizoid Man - Commentary
kings-of-leon--sex-on-fire|15531170|203|153.1|Sex on Fire
kiss--love-gun|87886467|194|146.1|Love Gun
kiss--rock-and-roll-all-nite|2675537|167|0|Rock And Roll All Nite
kiss--shout-it-out-loud|1124242|168|135.1|Shout It Out Loud
kiss--strutter|1184296|190|131.2|Strutter (Remastered 1997)
korn--freak-on-a-leash|||0|
krokus--ballroom-blitz|13201980|241|102.8|Ballroom Blitz (Remastered)
kt-tunstall--black-horse-and-the-cherry-tree|3120612|171|104.7|Black Horse And The Cherry Tree (Radio Version)
kyuss--demon-cleaner|3660485|311|101.8|Demon Cleaner
la-slum-lords--down-n-dirty|||0|
lacuna-coil--closer|108572718|181|130|Closer
lacuna-coil--our-truth|108572706|243|102.1|Our Truth
lamb-of-god--laid-to-rest|2954720791|233|0|Laid to Rest
lenny-kravitz--are-you-gonna-go-my-way|3107395|210|0|Are You Gonna Go My Way
lenny-kravitz--rock-and-roll-is-dead|3129590|202|0|Rock And Roll Is Dead
lenny-kravitz-and-slash--always-on-the-run|||0|
lily-allen--take-what-you-take|3165202|246|99.9|Take What You Take
limozeen--because-its-midnite|||0|
linkin-park--bleed-it-out|676840|164|0|Bleed It Out
linkin-park--wastelands|79587426|195|170.1|Wastelands
linkin-park--what-ive-done|676847|205|0|What I've Done
lions--metal-heavy-lady|981186102|163|0|Metal Heavy Lady
living-colour--cult-of-personality|2485821|294|97.3|Cult of Personality (2023 Remaster)
los-lobos--la-bamba|705770|175|156.6|La Bamba
lostprophets--rooftops-a-liberation-broadcast|2834078572|251|0|ROOFTOPS (A LIBERATION BROADCAST)
love-and-rockets--mirror-people|941529|245|0|Mirror People
lynyrd-skynyrd--call-me-the-breeze|24949751|309|92.9|Call Me The Breeze
lynyrd-skynyrd--free-bird|1559717|548|150.3|Free Bird
lynyrd-skynyrd--sweet-home-alabama|24949681|284|195.9|Sweet Home Alabama
lynyrd-skynyrd--tuesdays-gone|1761422807|452|0|Tuesday's Gone
machine-head--beautiful-mourning|||0|
made-in-mexico--farewell-myth|||0|
made-in-mexico--yes-we-can|||0|
maroon-5--she-will-be-loved|1165303|257|102.1|She Will Be Loved
marvin-gaye--i-heard-it-through-the-grapevine|709960012|190|117.5|I Heard It Through The Grapevine
mastodon--blood-and-thunder|10969975|228|186.2|Blood and Thunder
matchbook-romance--monsters|378297761|243|115.2|Monsters
matthew-sweet--girlfriend|548586|220|120.2|Girlfriend
mc5--kick-out-the-jams|10901888|76|155.4|Kick Out the Jams
megadeth--hangar-18|3339545|312|0|Hangar 18
megadeth--holy-wars-the-punishment-due|3121517|390|125.3|Holy Wars...The Punishment Due
megadeth--sudden-death|3786051992|309|0|Sudden Death
megadeth--sweating-bullets|3089037|326|164.7|Sweating Bullets (Remastered 2004)
megadeth--symphony-of-destruction|61382107|243|140.1|Symphony Of Destruction (Remastered 2012)
megadeth--this-day-we-fight|3785275282|207|0|This Day We Fight!
megasus--red-lottery|||0|
mercyful-fate--evil|2501164531|285|0|Evil (2005 Remaster by Ted Jensen)
metallica--all-nightmare-long|2114257|481|168.8|All Nightmare Long
metallica--battery|424565222|312|191.4|Battery
metallica--broken-beat-and-scarred|2114255|385|117.1|Broken, Beat & Scarred
metallica--creeping-death|69748051|448|115.8|Creeping Death (Live In Mexico City)
metallica--cyanide|2114258|401|132.9|Cyanide
metallica--disposable-heroes|424565262|496|175.9|Disposable Heroes
metallica--dyers-eve|575867662|313|193.2|Dyers Eve
metallica--enter-sandman|1483825212|331|0|Enter Sandman (Remastered 2021)
metallica--fade-to-black|136338506|417|112.4|Fade To Black (Remastered)
metallica--fight-fire-with-fire|136338498|284|179.8|Fight Fire With Fire (Remastered)
metallica--for-whom-the-bell-tolls|136338504|310|117.8|For Whom The Bell Tolls (Remastered)
metallica--frantic|2114019|350|162.1|Frantic
metallica--fuel|2114514|269|107.4|Fuel
metallica--hit-the-lights|136332686|257|160.3|Hit The Lights (Remastered)
metallica--king-nothing|3407660541|330|0|King Nothing (Remastered)
metallica--master-of-puppets|424565232|515|105.7|Master Of Puppets
metallica--mercyful-fate|2114568|671|138.7|Mercyful Fate
metallica--my-apocalypse|2114262|301|200.7|My Apocalypse
metallica--no-leaf-clover|2114664|343|152.6|No Leaf Clover (Live)
metallica--nothing-else-matters|1483825282|389|0|Nothing Else Matters (Remastered 2021)
metallica--one|575867572|446|111.1|One
metallica--orion|424565282|507|128|Orion
metallica--sad-but-true|1483825222|324|0|Sad But True (Remastered 2021)
metallica--seek-and-destroy|136332702|415|142.1|Seek & Destroy (Remastered)
metallica--the-memory-remains|2114515|279|144.6|The Memory Remains
metallica--the-shortest-straw|575867582|395|147.1|The Shortest Straw
metallica--the-thing-that-should-not-be|424565242|396|111.4|The Thing That Should Not Be
metallica--the-unforgiven|1483825242|385|0|The Unforgiven (Remastered 2021)
metallica--trapped-under-ice|136338508|244|160.9|Trapped Under Ice (Remastered)
metallica--welcome-home-sanitarium|424565252|387|108.5|Welcome Home (Sanitarium)
metallica--wherever-i-may-roam|1483825252|403|0|Wherever I May Roam (Remastered 2021)
metallica--whiplash|136332696|249|157.8|Whiplash (Remastered)
michael-jackson--beat-it|4763165|258|138.7|Beat It
michael-schenker-group--armed-and-ready|1787647747|249|0|Armed and Ready (2000 Remaster)
modest-mouse--float-on|581923|208|100.8|Float On
monkey-steals-the-peach--guitar-hero|||0|
motley-crue--looks-that-kill|3802971372|249|0|Looks That Kill
motley-crue--shout-at-the-devil|3786101942|196|0|Shout at the Devil
motorhead--ace-of-spades|5169799|166|139.7|Ace of Spades
motorhead--overkill|3771860642|313|0|Overkill
mott-the-hoople--all-the-young-dudes|13149413|212|156|All the Young Dudes
mountain--mississippi-queen|608589|151|139.2|Mississippi Queen
mumford-and-sons--i-will-wait|3475108021|303|0|I Will Wait (Live)
muse--assassin|3590190|211|124.5|Assassin
muse--knights-of-cydonia|3590194|367|136.9|Knights of Cydonia
muse--plug-in-baby|13636688|218|136|Plug in Baby
muse--uprising|4195713|304|128|Uprising
my-chemical-romance--dead|676563|195|99.4|Dead!
my-chemical-romance--im-not-okay-i-promise|785961|188|179.8|I'm Not Okay (I Promise)
my-morning-jacket--one-big-holiday|82153204|321|136|One Big Holiday
naast--mauvais-garcon|3327850|163|104.4|Mauvais garçon
negramaro--nuvole-e-lenzuola|1414986122|199|0|Nuvole E Lenzuola
neil-young--rockin-in-the-free-world|4094888|281|131.7|Rockin' in the Free World
nelly-furtado--turn-off-the-light|7562978|276|90.1|Turn Off The Light
neon-trees--everybody-talks|17806810|180|154.8|Everybody Talks
nerd--rock-star|4760940|229|122|Rock Star
new-york-dolls--personality-crisis|2598226|221|152|Personality Crisis
nickelback--how-you-remind-me|71828723|224|171.6|How You Remind Me
night-ranger--you-can-still-rock-in-america|5480241|254|164.7|(You Can Still) Rock In America
nine-inch-nails--wish|87407075|226|135.1|Wish
nirvana--about-a-girl|529900441|166|133.4|About A Girl
nirvana--heart-shaped-box|70466227|281|99.9|Heart-Shaped Box
nirvana--lithium|529900491|255|123.1|Lithium
nirvana--smells-like-teen-spirit|13791930|301|116.1|Smells Like Teen Spirit
no-doubt--dont-speak|24246391|263|152|Don't Speak
no-doubt--ex-girlfriend|24246401|210|173|Ex-Girlfriend
no-doubt--just-a-girl|24246271|209|107.9|Just A Girl
no-doubt--spiderwebs|24246371|268|143.1|Spiderwebs
noble-rot--kicked-to-the-curb|8847511|216|172.3|Kicked to the Curb
nofx--soul-doubt|378295981|166|151.4|Soul Doubt
oasis--some-might-say|3475107651|339|0|Some Might Say (Live)
of-mice-and-men--bones-exposed|3783087402|255|0|Bones Exposed
of-monsters-and-men--mountain-sound|17615565|211|0|Mountain Sound
oingo-boingo--only-a-lad|542838802|238|179.8|Only A Lad
ok-go--a-million-ways|3093104|192|130|A Million Ways
onerepublic--counting-stars|78527795|257|122|Counting Stars
orianthi--suffocated|4566559|183|149.8|Suffocated
ounce-of-self--drink-up|||0|
ozzy-osbourne--bark-at-the-moon|623616|256|146.6|Bark at the Moon
ozzy-osbourne--crazy-train|83919189|291|137.8|Crazy Train
ozzy-osbourne--mr-crowley|83919191|300|107.7|Mr. Crowley
pantera--cowboys-from-hell|714397|243|113.9|Cowboys from Hell
pantera--im-broken|662909|264|148.7|I'm Broken
papa-roach--lifeline|2925011|258|106|Lifeline (Album Version)
parachute--back-again|4229667|185|173.7|Back Again
paramore--misery-business|3829140|211|173|Misery Business
paramore--now|65732140|250|162.1|Now
pat-benatar--heartbreaker|3140671|208|157.8|Heartbreaker
pat-benatar--hit-me-with-your-best-shot|3312985|170|127.6|Hit Me With Your Best Shot
pat-benatar--love-is-a-battlefield|646326522|250|0|Love Is A Battlefield
pearl-jam--even-flow|7675129|294|106|Even Flow
pearl-jam--life-wasted|547505|232|141.6|Life Wasted
pearl-jam--mind-your-manners|71469174|158|0|Mind Your Manners
peter-frampton--do-you-feel-like-we-do|2302943|433|107.7|Do You Feel Like We Do
phoenix--lasso|3026048771|167|0|Lasso
pierce-the-veil--king-for-a-day-ft-kellin-quinn|121922468|236|113|King For A Day
poison--every-rose-has-its-thorn|3874974|260|140.1|Every Rose Has Its Thorn (2003 Remaster)
poison--nothin-but-a-good-time|487041162|223|129.2|Nothin' But A Good Time
poison--talk-dirty-to-me|3136098|223|157.8|Talk Dirty To Me
poison--unskinny-bop|3235346|227|92.3|Unskinny Bop
priestess--lay-down|||0|
primus--john-the-fisherman|11475323|233|116.1|John the Fisherman
prototype--the-way-it-ends|2118967237|321|0|The Way It Ends
public-enemy-featuring-zakk-wylde--bring-the-noise-20xx|||0|
queen--bohemian-rhapsody|4091937401|354|0|Bohemian Rhapsody
queen--i-want-it-all|4092337241|281|0|I Want It All
queen--killer-queen|4091936641|182|117.1|Killer Queen
queen--stone-cold-crazy|4092333831|137|0|Stone Cold Crazy
queen--tie-your-mother-down|4091933791|288|0|Tie Your Mother Down
queen-and-david-bowie--under-pressure|4091932171|247|0|Under Pressure (feat. David Bowie)
queens-of-the-stone-age--3s-and-7s|7275157|214|131.2|3's & 7's
queens-of-the-stone-age--make-it-wit-chu|646265222|229|92.1|Make It Wit Chu
queens-of-the-stone-age--no-one-knows|7179758|278|170.1|No One Knows
queens-of-the-stone-age--sick-sick-sick|7275151|215|193.2|Sick, Sick, Sick (Album Version)
queensryche--jet-city-woman|3145377|321|110|Jet City Woman (Remastered)
quiet-riot--bang-your-head-metal-health|1015631|316|120.2|Metal Health (Bang Your Head)
radio-futura--escuela-de-calor|988180|211|122|Escuela de Calor
rage-against-the-machine--bulls-on-parade|7675196|230|168.1|Bulls On Parade
rage-against-the-machine--killing-in-the-name|62082829|313|163.4|Killing In The Name
rammstein--du-hast|630595142|235|124.9|Du hast
rammstein--waidmanns-heil|1915819867|212|0|Waidmanns Heil
ramones--i-wanna-be-sedated|556340432|149|162.1|I Wanna Be Sedated
ramones--theme-from-spiderman|||0|
rancid--salvation|378243551|173|142.1|Salvation
ratt--round-and-round|3785182782|265|0|Round and Round
red-hot-chili-peppers--higher-ground|785270|203|141.1|Higher Ground
red-hot-chili-peppers--suck-my-kiss|725813|217|101.3|Suck My Kiss
red-rider--lunatic-fringe|3297324|260|97.3|Lunatic Fringe
rem--losing-my-religion|136334560|266|125.7|Losing My Religion
rem--the-one-i-love|3154047|196|0|The One I Love (Remastered 2006)
reverend-horton-heat--psychobilly-freakout|1137215782|159|0|Psychobilly Freakout
revolverheld--generation-rock|573009|164|157.8|Generation Rock
rick-derringer--rock-and-roll-hoochie-koo|78204719|222|99.9|Rock and Roll, Hoochie Koo
rihanna--california-king-bed|13529564|251|170.1|California King Bed (Album Version)
rise-against--prayer-of-the-refugee|7472037|199|98|Prayer Of The Refugee
rise-against--re-education-through-labor|7419115|222|152|Re-Education (Through Labor)
rise-against--savior|7419123|242|112.3|Savior
rise-against--tragedy-time|80860798|257|173|Tragedy + Time
rival-sons--keep-on-swinging|2822701312|239|0|Keep on Swinging (2023 Remastered Version)
robbie-williams-and-kylie-minogue--kids|3102421|286|184.6|Kids
rose-hill-drive--sneak-out|||0|
roy-orbison--oh-pretty-woman|78033230|176|126.8|Oh, Pretty Woman
royal-blood--little-monster|82917996|212|95.9|Little Monster
run-dmc--king-of-rock|2566820762|275|0|King Of Rock (Live 1986)
rush--2112-pt-1-overture|||0|
rush--2112-pt-2-the-temples-of-syrinx|||0|
rush--2112-pt-3-discovery|||0|
rush--2112-pt-4-presentation|||0|
rush--2112-pt-5-oracle-the-dream|||0|
rush--2112-pt-6-soliloquy|||0|
rush--2112-pt-7-grand-finale|||0|
rush--the-spirit-of-radio|971481852|299|0|The Spirit Of Radio
rush--yyz|10303627|265|141.1|YYZ
rx-bandits--its-only-another-parsec|3325135741|284|98|It's Only Another Parsec…
samhain--mother-of-mercy|||0|
santana--black-magic-woman|77879660|322|146.1|Black Magic Woman / Gypsy Queen
santana--no-one-to-depend-on|77879693|331|110.8|No One to Depend On
santigold--les-artistes|85440396|223|118.1|L.E.S. Artistes (Single)
scandal--the-warrior|1079844|235|0|The Warrior (feat. Patty Smyth)
scars-on-broadway--they-say|460203152|168|139.7|They Say
scorpions--no-one-like-you|14299458|246|116.1|No One Like You
scorpions--rock-you-like-a-hurricane|14299460|254|124.2|Rock You Like a Hurricane (2011)
scouts-of-st-sebastian--in-love|||0|
screaming-trees--nearly-lost-you|13177932|246|202.7|Nearly Lost You
senses-fail--cant-be-saved|1494476552|194|0|Can't Be Saved (Live)
sex-pistols--anarchy-in-the-uk|15927083|248|132.9|Anarchy in the U.K.
sex-pistols--pretty-vacant|33255571|195|144.1|Pretty Vacant
shadows-fall--the-light-that-blinds|108628768|298|182.1|The Light That Blinds
shaimus--all-of-this|8615242|155|160.2|All Of This
silversun-pickups--lazy-eye|3729317092|354|0|Lazy Eye
silversun-pickups--theres-no-secrets-this-year|3729256472|333|0|There's No Secrets This Year
skid-row--18-and-life|3803468322|232|0|18 and Life
skrillex--bangarang-ft-sirah|15781392|215|110|Bangarang (feat. Sirah)
slash-featuring-ian-astbury--ghost|||0|
slayer--chemical-warfare|1537305662|361|0|Chemical Warfare
slayer--raining-blood|65690449|254|175.2|Raining Blood
slayer--war-ensemble|65707333|292|199.7|War Ensemble (Album Version)
slipknot--before-i-forget|3819914|278|133.8|Before I Forget
slipknot--psychosocial|1195560|284|135.1|Psychosocial
snot--deadfall|2304768|139|146.1|Deadfall
snow-patrol--take-back-the-city|2296783|278|130|Take Back The City
social-distortion--mommys-little-monster|2526491521|211|0|Mommy's Little Monster
social-distortion--story-of-my-life|1068528|346|100.8|Story of My Life
sonic-youth--incinerate|3051667|295|153.1|Incinerate
sonic-youth--kool-thing|912072|244|154.8|Kool Thing
soundgarden--been-away-too-long|667824392|216|161.5|Been Away Too Long
soundgarden--black-rain|7087590|324|176.7|Black Rain
spacehog--in-the-meantime|761595|299|168.8|In the Meantime
spice-girls--wannabe|3133738|172|110|Wannabe
spinal-tap--tonight-im-gonna-rock-you-tonight|3531042421|158|89.9|Tonight I'm Gonna Rock You Tonight (2025 Remaster)
steely-dan--do-it-again|1987726127|354|0|Do It Again
steve-miller-band--the-joker|82159934|265|166|The Joker
steve-vai--speeding-vault-version|||0|
stevie-ray-vaughan--pride-and-joy|63391409|219|126.4|Pride and Joy
stevie-ray-vaughan--texas-flood|546610|321|173|Texas Flood
stevie-wonder--superstition|596034702|244|200.7|Superstition
sting--demolition-man|682078122|258|0|Demolition Man (My Songs Version)
stone-temple-pilots--interstate-love-song|3907803|193|168.8|Interstate Love Song
stone-temple-pilots--sex-type-thing|2794360|218|134.2|Sex Type Thing
stone-temple-pilots--trippin-on-a-hole-in-a-paper-heart|5931839|175|105.7|Trippin' on a Hole in a Paper Heart
stray-cats--rock-this-town|69070707|157|100.1|Rock This Town
strong-bad--trogdor|750787112|99|0|Trogdor
strung-out--calling|3472511831|260|0|Calling
stuck-in-the-sound--toy-boy|430168892|265|157.8|Toy Boy
styx--mr-roboto|952547|328|144.1|Mr. Roboto
styx--renegade|2289262|253|105.2|Renegade
sublime--santeria|127245051|183|181.3|Santeria
sublime--what-i-got|127245037|171|95.7|What I Got
suicidal-tendencies--institutionalized|17150507|229|134.2|Institutionalized
suicidal-tendencies--war-inside-my-head|1014271|208|0|War Inside My Head (Album Version)
sum-41--fat-lip|1125079|178|98|Fat Lip
sum-41--motivation|1125081|170|0|Motivation
sunny-day-real-estate--seven|1137158402|286|0|Seven (Remastered)
superbus--radio-song|834703482|141|154.8|Radio Song (Version Acoustique / Super Super Bonus)
survivor--eye-of-the-tiger|576431|245|108.8|Eye of the Tiger
system-of-a-down--byob|559789|257|101.6|B.Y.O.B.
system-of-a-down--toxicity|15523793|218|0|Toxicity
t-rex--20th-century-boy|12161724|221|135.1|20th Century Boy
taylor-swift--love-story|4634579|233|119.2|Love Story
taylor-swift--picture-to-burn|2282485|175|105.5|Picture To Burn
taylor-swift--you-belong-with-me|4634582|232|130|You Belong With Me
ted-nugent--cat-scratch-fever|834056|219|127.2|Cat Scratch Fever
ted-nugent--stranglehold|834269|503|148.2|Stranglehold
tenacious-d--master-exploder|13139082|144|149.8|Master Exploder
tenacious-d--the-metal|13139090|165|112|The Metal
tesla--modern-day-cowboy|2120063|318|113.3|Modern Day Cowboy
that-handsome-devil--elephant-bones|3039859921|225|0|Elephant Bones
the-1975--girls|69941971|254|107.9|Girls
the-acro-brats--callout|4027012|187|122|Callout
the-acro-brats--laughtrack|4027021|165|173.7|Laughtrack
the-airborne-toxic-event--gasoline|7255540|201|0|Gasoline
the-all-american-rejects--dirty-little-secret|1200367812|193|0|Dirty Little Secret
the-allman-brothers-band--jessica|549286852|448|142.6|Jessica
the-allman-brothers-band--ramblin-man|541866052|288|178.2|Ramblin' Man
the-amazing-crowns--mr-fix-it|97236724|152|0|Mr. Fix-It
the-answer--never-too-late|459255532|235|0|Never Too Late
the-bags--cavemen-rejoice|76923166|213|156|Cavemen Rejoice
the-black-crowes--hard-to-handle|143538848|507|197.8|Hard to Handle
the-black-keys--gold-on-the-ceiling|14932100|224|130.4|Gold on the Ceiling
the-bravery--believe|1178161|226|0|Believe
the-breaking-wheel--one-for-the-road|||0|
the-bronx--six-days-a-week|61594032|188|164.7|Six Days a Week
the-butthole-surfers--who-was-in-my-room-last-night|3405917|248|91.1|Who Was In My Room Last Night?
the-charlie-daniels-band--the-devil-went-down-to-georgia|851466|215|132.9|The Devil Went Down to Georgia
the-clash--complete-control|69505569|192|173.7|Complete Control
the-clash--safe-european-home|69924573|229|179.8|Safe European Home (Remastered)
the-cult--love-removal-machine|105426322|258|0|Love Removal Machine
the-cult--she-sells-sanctuary|105426372|252|0|She Sells Sanctuary
the-cure--fascination-street|6904535|315|100.1|Fascination Street (Remastered)
the-derek-trucks-band--younk-funk|1405792092|289|0|Younk Funk
the-dillinger-escape-plan--setting-fire-to-sleeping-giants|10969882|207|166.7|Setting Fire to Sleeping Giants
the-donnas--take-it-off|3822563|162|159|Take It Off
the-doors--love-me-two-times|3614146|195|133.4|Love Me Two Times
the-duke-spirit--send-a-little-love-token|705583532|158|0|Send a Little Love Token
the-edgar-winter-group--frankenstein|13161807|284|95.3|Frankenstein
the-edgar-winter-group--free-ride|851153|184|124.2|Free Ride
the-enemy--aggro|815084|204|145.6|Aggro
the-exies--hey-you|3090631|243|101.1|Hey You
the-fall-of-troy--fcpremix|16002476|237|166|F.C.P.R.E.M.I.X.
the-gaslight-anthem--45|||0|
the-go-gos--our-lips-are-sealed|3361314|164|130|Our Lips Are Sealed
the-go-gos--we-got-the-beat|11233716|153|151.4|We Got The Beat (2011 Remaster)
the-guess-who--american-woman|1051986|307|187.1|American Woman
the-hives--tick-tick-boom|1112816|205|135.1|Tick Tick Boom
the-jackson-5--abc|920082|178|187.1|ABC
the-jimi-hendrix-experience--purple-haze|4952885|170|109.7|Purple Haze
the-jimi-hendrix-experience--spanish-castle-magic|4952830|180|194.1|Spanish Castle Magic
the-jimi-hendrix-experience--the-wind-cries-mary|4952887|201|157.2|The Wind Cries Mary
the-killers--all-the-pretty-faces|1103275|286|0|All The Pretty Faces
the-killers--when-you-were-young|1109953|218|0|When You Were Young
the-kinks--all-day-and-all-of-the-night|3786363902|144|0|All Day And All Of The Night (Remastered)
the-kooks--naive|3158004|206|102.3|Naive
the-last-goodnight--pictures-of-you|3154725|190|103.9|Pictures Of You
the-last-vegas--raw-dog|3824189041|211|98.7|Raw Dog
the-living-end--carry-me-home|6639376|191|141.1|Carry Me Home
the-living-end--prisoner-of-society|3920798|229|150.9|Prisoner of Society
the-lumineers--ho-hey|757244922|163|160.3|Ho Hey
the-mars-volta--lvia-lviaquez|2309097|741|175.2|L'Via L'Viaquez
the-mighty-mighty-bosstones--the-impression-that-i-get|2485997701|194|0|The Impression That I Get
the-model-sons--story-of-my-love|||0|
the-neighborhoods--parasite|802248252|226|0|The Parasites
the-offspring--pretty-fly-for-a-white-guy|137233982|189|143.1|Pretty Fly (For A White Guy)
the-offspring--self-esteem|378299601|257|104.4|Self Esteem (2008 Remaster)
the-police--message-in-a-bottle|2525861|289|150.9|Message In A Bottle
the-police--so-lonely|2525878|287|154.8|So Lonely
the-police--synchronicity-ii|665714252|300|0|Synchronicity II
the-pretenders--tattooed-love-boys|867443052|178|0|Tattooed Love Boys (2018 Remaster)
the-raconteurs--steady-as-she-goes|1238177942|216|0|Steady, As She Goes
the-rolling-stones--cant-you-hear-me-knockin|4125585|434|152|Can't You Hear Me Knocking (2009 Mix)
the-rolling-stones--honky-tonk-women|16702525|179|124.5|Honky Tonk Women (Mono Version)
the-rolling-stones--paint-it-black|7818900|202|159|Paint It, Black
the-rolling-stones--stray-cat-blues|9956070|277|104.4|Stray Cat Blues
the-rolling-stones--sympathy-for-the-devil|9956063|377|116.1|Sympathy For The Devil
the-romantics--what-i-like-about-you|1066565|175|159.6|What I Like About You
the-runaways--cherry-bomb|5677465|138|136.5|Cherry Bomb
the-sleeping--dont-hold-back|1286109492|272|0|Don't Hold Back
the-slip--even-rats|988825112|333|0|Even Rats
the-smashing-pumpkins--bullet-with-butterfly-wings|62791738|256|130.8|Bullet With Butterfly Wings (Remastered 2012)
the-smashing-pumpkins--cherub-rock|432946882|298|173|Cherub Rock
the-smashing-pumpkins--today|14738294|201|164.7|Today (2011 Remaster)
the-stone-roses--love-spreads|2457815|346|184.6|Love Spreads
the-stone-roses--she-bangs-the-drums|3960792|232|147.1|She Bangs the Drums (Remastered 2009)
the-strokes--reptilia|14880812|219|157.8|Reptilia
the-sword--freya|3058956291|274|0|Freya
the-sword--maiden-mother-and-crone|3064837561|239|0|Maiden, Mother & Crone
the-sword--the-black-river|3064837581|353|0|The Black River
the-turtles--happy-together|2043943|176|119.8|Happy Together
the-upper-crust--eureka-ive-found-love|3546826831|176|0|Eureka - I've Found Love
the-vapors--turning-japanese|3177990|225|179|Turning Japanese
the-vines--get-free|3099711|127|138.7|Get Free
the-white-stripes--blue-orchid|1092293132|157|0|Blue Orchid
the-white-stripes--seven-nation-army|1153182282|231|0|Seven Nation Army
the-who--the-seeker|65414413|200|180.5|The Seeker (Edit)
the-who--wont-get-fooled-again|14267910|549|136|Won't Get Fooled Again
them-crooked-vultures--scumbag-blues|363657141|265|0|Scumbag Blues
thin-lizzy--bad-reputation|1124219|190|123.8|Bad Reputation
thin-lizzy--jailbreak|1101195|245|145.1|Jailbreak
thin-lizzy--the-boys-are-back-in-town|1101200|267|161.5|The Boys Are Back In Town
third-eye-blind--graduate|4111782|187|179|Graduate
third-eye-blind--semi-charmed-life|685709|268|102.1|Semi-Charmed Life (2006 Remaster)
thirty-seconds-to-mars--the-kill|3090875|231|122|The Kill
thrice--deadbolt|6248693|180|131.2|Deadbolt
toadies--possum-kingdom|7376280|309|100.6|Possum Kingdom
tokio-hotel--monsoon|1096774792|235|0|Monsoon 2020
tom-petty--runnin-down-a-dream|588236372|262|170.1|Runnin' Down A Dream
tom-petty-and-the-heartbreakers--american-girl|588236252|210|113.9|American Girl
tom-petty-and-the-heartbreakers--listen-to-her-heart|588236272|182|128|Listen To Her Heart
tonic--if-you-could-only-see|2422830|261|190.5|If You Could Only See
tool--parabola|722078552|363|100.8|Parabola
tool--schism|722078532|403|107.1|Schism
tool--vicarious|722078342|426|114.2|Vicarious
trust--antisocial|606908|310|182.1|Antisocial
tv-on-the-radio--wolf-like-me|558606542|287|0|Wolf Like Me
twisted-sister--i-wanna-rock|3803466332|183|0|I Wanna Rock
twisted-sister--were-not-gonna-take-it|3803466302|218|148.2|We're Not Gonna Take It
vagiant--ftk|||0|
valient-thorr--fall-of-pangea|4552564|421|153.1|Fall Of Pangea
vampire-weekend--a-punk|937332|137|0|A-Punk
van-halen--aint-talkin-bout-love|5093775|226|139.7|Ain't Talkin' 'Bout Love
van-halen--and-the-cradle-will-rock|97235634|213|107.7|And the Cradle Will Rock... (2015 Remaster)
van-halen--atomic-punk|97173558|179|99.2|Atomic Punk (2015 Remaster)
van-halen--beautiful-girls|97235696|236|101.1|Beautiful Girls (2015 Remaster)
van-halen--cathedral|97235776|83|113.9|Cathedral (2015 Remaster)
van-halen--dance-the-night-away|97235680|188|129.2|Dance the Night Away (2015 Remaster)
van-halen--eruption|97173548|102|164.7|Eruption (2015 Remaster)
van-halen--everybody-wants-some|97235636|306|144.6|Everybody Wants Some!! (2015 Remaster)
van-halen--feel-your-love-tonight|97173560|220|136|Feel Your Love Tonight (2015 Remaster)
van-halen--hang-em-high|97235774|208|129.2|Hang 'em High (2015 Remaster)
van-halen--hear-about-it-later|97325634|272|123|Hear About It Later (2015 Remaster)
van-halen--hot-for-teacher|97098418|282|126.4|Hot for Teacher (2015 Remaster)
van-halen--ice-cream-man|97173564|198|179.8|Ice Cream Man (2015 Remaster)
van-halen--im-the-one|97173554|224|113|I'm the One (2015 Remaster)
van-halen--intruder-oh-pretty-woman|||0|
van-halen--jamies-cryin|97173556|209|128|Jamie's Cryin' (2015 Remaster)
van-halen--jump|97098410|241|129.6|Jump (2015 Remaster)
van-halen--little-guitars|97235788|227|148.7|Little Guitars (2015 Remaster)
van-halen--loss-of-control|97235644|158|147.1|Loss of Control (2015 Remaster)
van-halen--mean-street|97325628|300|102.6|Mean Street (2015 Remaster)
van-halen--panama|97098412|210|141.1|Panama (2015 Remaster)
van-halen--romeo-delight|97235640|259|106.3|Romeo Delight (2015 Remaster)
van-halen--runnin-with-the-devil|97173546|214|95.7|Runnin' with the Devil (2015 Remaster)
van-halen--so-this-is-love|97325640|185|159|So This Is Love? (2015 Remaster)
van-halen--somebody-get-me-a-doctor|97235682|173|129.2|Somebody Get Me a Doctor (2015 Remaster)
van-halen--spanish-fly|97235690|61|163.4|Spanish Fly (2015 Remaster)
van-halen--unchained|97325636|209|136.9|Unchained (2015 Remaster)
van-halen--you-really-got-me|97173550|156|138.7|You Really Got Me (2015 Remaster)
village-people--ymca|917438742|350|0|Y.M.C.A. (Live)
voivod--x-stream|||0|
warrant--cherry-pie|594917|201|88.5|Cherry Pie
weezer--dope-nose|390293381|135|128|Dope Nose
weezer--my-name-is-jonas|2542114|204|186.2|My Name Is Jonas
weezer--why-bother|2960595|128|140.2|Why Bother?
white-lion--radar-love|6626394|359|101.1|Radar Love
white-zombie--black-sunshine|2294416|289|166.7|Black Sunshine
white-zombie--thunder-kiss-65|2294415|233|112.7|Thunder Kiss '65
wild-cherry--play-that-funky-music|1067076|302|109.4|Play That Funky Music
willie-nelson--on-the-road-again|72789516|153|110.8|On the Road Again
winger--seventeen|3785439242|239|0|Seventeen
wings--band-on-the-run|||0|
wolfmother--back-round|4110674|236|153.7|Back Round
wolfmother--sundial|4275109|228|87|Sundial
wolfmother--woman|7558183|144|173|Woman (Sony Connect SXSW)
x--los-angeles|3877566|144|185.4|Los Angeles
yellowcard--ocean-avenue|3361193|195|173.7|Ocean Avenue
yellowcard--the-takedown|3224955|217|152|The Takedown
you-me-at-six--lived-a-lie|3786114822|203|0|Lived A Lie
zz-top--la-grange|694980152|232|160.3|La Grange (2019 Remaster)
zz-top--sharp-dressed-man|694980162|252|124.9|Sharp Dressed Man (2019 Remaster)
