# id | duração no LRCLIB (s) | letra (1 tem, 0 não achou, i instrumental). Gerado por tools/data/fetch-lrclib.mjs.
3-doors-down--kryptonite|234|1
3-doors-down--when-im-gone|260|1
311--beautiful-disaster|242|1
38-special--hold-on-loosely|281|1
a-flock-of-seagulls--i-ran-so-far-away|305|1
a-perfect-circle--judith|247|1
a-perfect-circle--the-outsider|246|1
accept--balls-to-the-wall|343|1
aerosmith--back-in-the-saddle|280|1
aerosmith--beyond-beautiful|288|1
aerosmith--bright-light-fright|140|1
aerosmith--combination|223|1
aerosmith--cryin|310|1
aerosmith--draw-the-line|204|1
aerosmith--dream-on|268|1
aerosmith--kings-and-queens|230|1
aerosmith--last-child|207|1
aerosmith--let-the-music-do-the-talking|226|1
aerosmith--livin-on-the-edge|367|1
aerosmith--love-in-an-elevator|322|1
aerosmith--make-it|221|1
aerosmith--mama-kin|268|1
aerosmith--movin-out|302|1
aerosmith--no-surprize|268|1
aerosmith--nobodys-fault|264|1
aerosmith--pandoras-box|345|1
aerosmith--pink|235|1
aerosmith--rag-doll|266|1
aerosmith--rats-in-the-cellar|245|1
aerosmith--same-old-song-and-dance|234|1
aerosmith--sweet-emotion|274|1
aerosmith--toys-in-the-attic|187|1
aerosmith--train-kept-a-rollin|334|1
aerosmith--uncle-salty|250|1
aerosmith--walk-this-way|309|1
aerosmith-featuring-run-dmc--walk-this-way|309|1
afi--dancing-through-sunday|149|1
afi--medicate|262|1
afi--miss-murder|303|1
airbourne--too-much-too-young-too-fast|223|1
alice-cooper--billion-dollar-babies|223|1
alice-cooper--no-more-mr-nice-guy|188|1
alice-cooper--schools-out|210|1
alice-in-chains--no-excuses|256|1
alice-in-chains--them-bones|151|1
all-that-remains--six|203|1
alphabeat--fascination|182|1
alter-bridge--come-to-life|232|1
alter-bridge--ties-that-bind|199|1
aly-and-aj--like-whoa|149|1
an-endless-sporadic--impulse|265|i
anarchy-club--behind-the-mask|166|1
anarchy-club--collide|201|1
anberlin--the-feel-good-drag|207|1
angels-and-airwaves--the-adventure|341|1
anouk--good-god|156|1
anthrax--caught-in-a-mosh|301|1
anthrax--indians|341|1
anthrax--madhouse|259|1
arch-enemy--nemesis|267|1
arctic-monkeys--brianstorm|173|1
arctic-monkeys--r-u-mine|202|1
artillery--the-breaking-wheel||0
asia--heat-of-the-moment|229|1
at-the-drive-in--one-armed-scissor|260|1
atreyu--ravenous|188|1
attack-attack--you-and-me|210|1
audioslave--cochise|222|1
avenged-sevenfold--bat-country|312|1
avenged-sevenfold--beast-and-the-harlot|344|1
avril-lavigne--heres-to-never-growing-up|214|1
backyard-babies--minus-celsius|216|1
bad-brains--re-ignition|253|1
bad-religion--infected|247|1
band-of-horses--cigarettes-wedding-bands|276|1
band-of-skulls--i-know-what-i-am|198|1
bang-camaro--push-push-lady-lightning|282|1
beastie-boys--gratitude|165|1
beastie-boys--sabotage|178|1
beastie-boys-featuring-kerry-king--no-sleep-till-brooklyn|246|1
beatsteaks--hail-to-the-freaks|193|1
beck--gamma-ray|174|1
ben-harper-and-the-innocent-criminals--steal-my-kisses|245|1
biffy-clyro--victory-over-the-sun|239|1
big-country--in-a-big-country|236|1
billy-idol--dancing-with-myself|199|1
billy-idol--rebel-yell|289|1
billy-idol--white-wedding-part-1|253|1
billy-squier--lonely-is-the-night|282|1
black-label-society--fire-it-up|300|1
black-label-society--stillborn|196|1
black-rebel-motorcycle-club--weapon-of-choice|169|1
black-sabbath--children-of-the-grave|313|1
black-sabbath--iron-man|355|1
black-sabbath--paranoid|170|1
black-sabbath--war-pigs|472|1
blind-melon--tones-of-home|268|1
blink-182--dammit|165|1
blink-182--first-date|172|1
blink-182--the-rock-show|188|1
bloc-party--helicopter|219|1
blondie--one-way-or-another|213|1
blue-oyster-cult--burnin-for-you|271|1
blue-oyster-cult--cities-on-flame-with-rock-and-roll|243|1
blue-oyster-cult--godzilla|222|1
blur--song-2|124|1
bob-dylan--all-along-the-watchtower|154|1
bob-seger-and-the-silver-bullet-band--hollywood-nights|302|1
bob-seger-and-the-silver-bullet-band--turn-the-page|314|1
bon-jovi--livin-on-a-prayer|249|1
bon-jovi--you-give-love-a-bad-name|221|1
boston--more-than-a-feeling|282|1
brand-new--sowing-season-yeah|273|1
bret-michaels-band--go-that-far|173|1
brian-kahanek--gemini||0
bring-me-the-horizon--shadow-moses|246|1
buckethead--jordan|235|i
bullet-for-my-valentine--scream-aim-fire|267|1
burning-brides--heart-full-of-black|196|1
bush--comedown|327|1
bush--machinehead|260|1
buzzcocks--what-do-i-get|174|1
carl-douglas--kung-fu-fighting|196|1
cheap-trick--dream-police|235|1
cheap-trick--i-want-you-to-want-me|224|1
cheap-trick--surrender|252|1
children-of-bodom--done-with-everything-die-for-nothing|211|1
children-of-bodom--if-you-want-peace-prepare-for-war|236|1
cold-war-kids--hang-me-up-to-dry|219|1
coldplay--in-my-place|231|1
coldplay--shiver|304|1
corinne-bailey-rae--put-your-records-on|215|1
corrosion-of-conformity--albatross|320|1
count-zero--radium-eyes|206|1
count-zero--sail-your-ship-by|266|1
counting-crows--angels-of-the-silences|219|1
cream--crossroads|254|1
cream--sunshine-of-your-love|250|1
creedence-clearwater-revival--fortunate-son|141|1
creedence-clearwater-revival--up-around-the-bend|162|1
culture-club--do-you-really-want-to-hurt-me|262|1
danzig--mother|206|1
darker-my-love--blue-day|254|1
darkest-hour--demon-s|229|1
dashboard-confessional--hands-down|187|1
david-bowie--fame|257|1
david-bowie--lets-dance|248|1
david-bowie--ziggy-stardust|194|1
dead-kennedys--holiday-in-cambodia|227|1
dead-kennedys--police-truck|144|1
deap-vally--lies|185|1
deep-purple--burn|363|1
deep-purple--hush|266|1
deep-purple--smoke-on-the-water|230|1
deep-purple--space-truckin|274|1
deep-purple--woman-from-tokyo|349|1
def-leppard--pour-some-sugar-on-me|264|1
dethklok--bloodlines|211|1
dethklok--thunderhorse|166|1
devo--whip-it|161|1
diamond-head--am-i-evil|460|1
dick-dale--misirlou|139|1
die-toten-hosen--hier-kommt-alex|233|1
din--fly-on-the-wall|174|1
dinosaur-jr--feel-the-pain|259|1
dio--holy-diver|350|1
dire-straits--money-for-nothing|246|1
dire-straits--sultans-of-swing|344|1
disturbed--stricken|247|1
don-mclean--american-pie|519|1
dope--nothing-for-me-here|178|1
dragonforce--fury-of-the-storm|407|1
dragonforce--through-the-fire-and-flames|439|1
dream-theater--pull-me-under|492|1
drist--arterial-black|199|1
drist--decontrol|217|1
drowning-pool--bodies|202|1
duffy--warwick-avenue|226|1
duran-duran--hungry-like-the-wolf|205|1
duran-duran--rio|337|1
eagles--hotel-california|390|1
eagles-of-death-metal--wannabe-in-la|136|1
eddie-money--shakin|187|1
elbow--grounds-for-divorce|220|1
elliott-smith--la|195|1
elton-john--saturday-nights-alright-for-fighting|293|1
eminem--berzerk|239|1
eric-johnson--cliffs-of-dover|250|i
evanescence--bring-me-to-life|238|1
everclear--santa-monica|192|1
every-time-i-die--the-new-black|173|1
extreme--play-with-me|211|1
face-to-face--disconnected|206|1
fall-out-boy--dance-dance|182|1
fall-out-boy--my-songs-know-what-you-did-in-the-dark-light-em-up|189|1
fall-out-boy--sugar-were-goin-down|229|1
faster-pussycat--bathroom-wall|224|1
filter--hey-man-nice-shot|313|1
filter--take-a-picture|364|1
finger-eleven--paralyzer|208|1
five-finger-death-punch--hard-to-see|209|1
fleetwood-mac--go-your-own-way|218|1
flyleaf--again|185|1
foghat--slow-ride|238|1
foo-fighters--best-of-you|255|1
foo-fighters--everlong|251|1
foo-fighters--monkey-wrench|231|1
foo-fighters--no-way-back|198|1
foo-fighters--stacked-actors|260|1
foreigner--double-vision|223|1
foreigner--feels-like-the-first-time|247|1
fountains-of-wayne--stacys-mom|200|1
franz-ferdinand--take-me-out|237|1
freezepop--get-ready-2-rokk|179|1
freezepop--less-talk-more-rokk|303|1
gallows--in-the-belly-of-a-shark|162|1
garbage--only-happy-when-it-rains|238|1
george-thorogood-and-the-destroyers--move-it-on-over|259|1
good-charlotte--the-anthem|174|1
gorillaz--feel-good-inc|215|1
govt-mule--streamline-woman|246|1
grand-funk-railroad--were-an-american-band|205|1
graveyard-bbq--cheat-on-the-church|249|1
green-day--nuclear-family|183|1
guns-n-roses--sweet-child-o-mine|356|1
guns-n-roses--welcome-to-the-jungle|274|1
halestorm--love-bites-so-do-i|191|1
heart--barracuda|263|1
heart--crazy-on-you|293|1
hellacopters--im-in-the-band|199|1
helmet--unsung|237|1
heroes-del-silencio--avalancha|354|1
hilary-duff--so-yesterday|213|1
hinder--lips-of-an-angel|261|1
honest-bob-and-the-factory-to-dealer-incentives--hey|174|1
honest-bob-and-the-factory-to-dealer-incentives--soy-bomb||0
hushpuppies--youre-gonna-say-yeah|193|1
iggy-pop--lust-for-life|316|1
iggy-pop-and-the-stooges--search-and-destroy|209|1
imagine-dragons--demons|177|1
in-flames--take-this-life|217|1
incubus--stellar|200|1
interpol--obstacle-1|248|1
interpol--slow-hands|182|1
iron-maiden--2-minutes-to-midnight|367|1
iron-maiden--the-number-of-the-beast|290|1
iron-maiden--the-trooper|252|1
iron-maiden--wrathchild|174|1
jack-white--lazaretto|219|1
janes-addiction--been-caught-stealing|215|1
janes-addiction--mountain-song|244|1
janes-addiction--stop|255|1
janet-jackson--black-cat|288|1
jeff-beck--scatterbrain|336|1
jesse-mccartney--beautiful-soul|201|1
jethro-tull--aqualung|393|1
jimmy-eat-world--bleed-american|181|1
jimmy-eat-world--pain|172|1
jimmy-eat-world--the-middle|166|1
joan-jett--bad-reputation|171|1
joan-jett--i-hate-myself-for-loving-you|247|1
joan-jett-and-the-blackhearts--i-love-rock-n-roll|174|1
joe-perry--mercy||0
joe-perry--shakin-my-cage|253|1
joe-perry--talk-talkin|213|1
joe-satriani--satch-boogie|194|i
john-5-featuring-jim-root--black-widow-of-la-porte|443|i
john-mellencamp--hurts-so-good|221|1
johnny-cash--ring-of-fire|156|1
joss-stone--you-had-me|240|1
judas-priest--electric-eye|219|1
judas-priest--hell-bent-for-leather|158|1
judas-priest--painkiller|366|1
judas-priest--youve-got-another-thing-comin|309|1
kaiser-chiefs--never-miss-a-beat|187|1
kaiser-chiefs--ruby|201|1
kansas--carry-on-wayward-son|324|1
kasabian--club-foot|214|1
katrina-and-the-waves--walking-on-sunshine|239|1
katy-perry--waking-up-in-vegas|198|1
kent--vinternoll2|265|1
killswitch-engage--my-curse|245|1
killswitch-engage--the-end-of-heartache|297|1
king-crimson--21st-century-schizoid-man|443|1
kings-of-leon--sex-on-fire|203|1
kiss--love-gun|200|1
kiss--rock-and-roll-all-nite|169|1
kiss--shout-it-out-loud|170|1
kiss--strutter|192|1
korn--freak-on-a-leash|255|1
krokus--ballroom-blitz|241|1
kt-tunstall--black-horse-and-the-cherry-tree|174|1
kyuss--demon-cleaner|311|1
la-slum-lords--down-n-dirty||0
lacuna-coil--closer|182|1
lacuna-coil--our-truth|245|1
lamb-of-god--laid-to-rest|234|1
lenny-kravitz--are-you-gonna-go-my-way|212|1
lenny-kravitz--rock-and-roll-is-dead|204|1
lenny-kravitz-and-slash--always-on-the-run||0
lily-allen--take-what-you-take|246|1
limozeen--because-its-midnite|136|1
linkin-park--bleed-it-out|165|1
linkin-park--wastelands|196|1
linkin-park--what-ive-done|208|1
lions--metal-heavy-lady|167|1
living-colour--cult-of-personality|297|1
los-lobos--la-bamba|174|1
lostprophets--rooftops-a-liberation-broadcast|249|1
love-and-rockets--mirror-people|248|1
lynyrd-skynyrd--call-me-the-breeze|310|1
lynyrd-skynyrd--free-bird|549|1
lynyrd-skynyrd--sweet-home-alabama|284|1
lynyrd-skynyrd--tuesdays-gone|450|1
machine-head--beautiful-mourning|286|1
made-in-mexico--farewell-myth|257|1
made-in-mexico--yes-we-can|251|1
maroon-5--she-will-be-loved|257|1
marvin-gaye--i-heard-it-through-the-grapevine|194|1
mastodon--blood-and-thunder|228|1
matchbook-romance--monsters|243|1
matthew-sweet--girlfriend|220|1
mc5--kick-out-the-jams|172|1
megadeth--hangar-18|312|1
megadeth--holy-wars-the-punishment-due|392|1
megadeth--sudden-death|309|1
megadeth--sweating-bullets|304|1
megadeth--symphony-of-destruction|245|1
megadeth--this-day-we-fight|207|1
megasus--red-lottery|360|1
mercyful-fate--evil|285|1
metallica--all-nightmare-long|477|1
metallica--battery|445|1
metallica--broken-beat-and-scarred|385|1
metallica--creeping-death|399|1
metallica--cyanide|400|1
metallica--disposable-heroes|497|1
metallica--dyers-eve|313|1
metallica--enter-sandman|332|1
metallica--fade-to-black|418|1
metallica--fight-fire-with-fire|287|1
metallica--for-whom-the-bell-tolls|310|1
metallica--frantic|350|1
metallica--fuel|272|1
metallica--hit-the-lights|256|1
metallica--king-nothing|328|1
metallica--master-of-puppets|515|1
metallica--mercyful-fate|672|1
metallica--my-apocalypse|301|1
metallica--no-leaf-clover|343|1
metallica--nothing-else-matters|182|1
metallica--one|446|1
metallica--orion|508|i
metallica--sad-but-true|323|1
metallica--seek-and-destroy|415|1
metallica--the-memory-remains|279|1
metallica--the-shortest-straw|395|1
metallica--the-thing-that-should-not-be|396|1
metallica--the-unforgiven|386|1
metallica--trapped-under-ice|244|1
metallica--welcome-home-sanitarium|387|1
metallica--wherever-i-may-roam|406|1
metallica--whiplash|242|1
michael-jackson--beat-it|257|1
michael-schenker-group--armed-and-ready|249|1
modest-mouse--float-on|208|1
monkey-steals-the-peach--guitar-hero||0
motley-crue--looks-that-kill|247|1
motley-crue--shout-at-the-devil|194|1
motorhead--ace-of-spades|168|1
motorhead--overkill|311|1
mott-the-hoople--all-the-young-dudes|211|1
mountain--mississippi-queen|153|1
mumford-and-sons--i-will-wait|274|1
muse--assassin|211|1
muse--knights-of-cydonia|366|1
muse--plug-in-baby|224|1
muse--uprising|305|1
my-chemical-romance--dead|196|1
my-chemical-romance--im-not-okay-i-promise|189|1
my-morning-jacket--one-big-holiday|321|1
naast--mauvais-garcon|164|1
negramaro--nuvole-e-lenzuola|199|1
neil-young--rockin-in-the-free-world|284|1
nelly-furtado--turn-off-the-light|275|1
neon-trees--everybody-talks|177|1
nerd--rock-star|260|1
new-york-dolls--personality-crisis|220|1
nickelback--how-you-remind-me|224|1
night-ranger--you-can-still-rock-in-america|255|1
nine-inch-nails--wish|227|1
nirvana--about-a-girl|168|1
nirvana--heart-shaped-box|281|1
nirvana--lithium|256|1
nirvana--smells-like-teen-spirit|278|1
no-doubt--dont-speak|303|1
no-doubt--ex-girlfriend|212|1
no-doubt--just-a-girl|209|1
no-doubt--spiderwebs|267|1
noble-rot--kicked-to-the-curb||0
nofx--soul-doubt|166|1
oasis--some-might-say|329|1
of-mice-and-men--bones-exposed|256|1
of-monsters-and-men--mountain-sound|211|1
oingo-boingo--only-a-lad|257|1
ok-go--a-million-ways|193|1
onerepublic--counting-stars|257|1
orianthi--suffocated|184|1
ounce-of-self--drink-up|168|1
ozzy-osbourne--bark-at-the-moon|257|1
ozzy-osbourne--crazy-train|293|1
ozzy-osbourne--mr-crowley|303|1
pantera--cowboys-from-hell|244|1
pantera--im-broken|265|1
papa-roach--lifeline|268|1
parachute--back-again|185|1
paramore--misery-business|212|1
paramore--now|247|1
pat-benatar--heartbreaker|209|1
pat-benatar--hit-me-with-your-best-shot|171|1
pat-benatar--love-is-a-battlefield|251|1
pearl-jam--even-flow|297|1
pearl-jam--life-wasted|234|1
pearl-jam--mind-your-manners|159|1
peter-frampton--do-you-feel-like-we-do|835|1
phoenix--lasso|170|1
pierce-the-veil--king-for-a-day-ft-kellin-quinn|237|1
poison--every-rose-has-its-thorn|263|1
poison--nothin-but-a-good-time|225|1
poison--talk-dirty-to-me|228|1
poison--unskinny-bop|229|1
priestess--lay-down|185|1
primus--john-the-fisherman|215|1
prototype--the-way-it-ends|321|1
public-enemy-featuring-zakk-wylde--bring-the-noise-20xx||0
queen--bohemian-rhapsody|354|1
queen--i-want-it-all|282|1
queen--killer-queen|184|1
queen--stone-cold-crazy|132|1
queen--tie-your-mother-down|228|1
queen-and-david-bowie--under-pressure|245|1
queens-of-the-stone-age--3s-and-7s|214|1
queens-of-the-stone-age--make-it-wit-chu|230|1
queens-of-the-stone-age--no-one-knows|256|1
queens-of-the-stone-age--sick-sick-sick|217|1
queensryche--jet-city-woman|321|1
quiet-riot--bang-your-head-metal-health|317|1
radio-futura--escuela-de-calor|231|1
rage-against-the-machine--bulls-on-parade|229|1
rage-against-the-machine--killing-in-the-name|175|1
rammstein--du-hast|235|1
rammstein--waidmanns-heil|213|1
ramones--i-wanna-be-sedated|149|1
ramones--theme-from-spiderman||0
rancid--salvation|173|1
ratt--round-and-round|265|1
red-hot-chili-peppers--higher-ground|203|1
red-hot-chili-peppers--suck-my-kiss|215|1
red-rider--lunatic-fringe|263|1
rem--losing-my-religion|265|1
rem--the-one-i-love|198|1
reverend-horton-heat--psychobilly-freakout|158|1
revolverheld--generation-rock|166|1
rick-derringer--rock-and-roll-hoochie-koo|223|1
rihanna--california-king-bed|303|1
rise-against--prayer-of-the-refugee|201|1
rise-against--re-education-through-labor|222|1
rise-against--savior|242|1
rise-against--tragedy-time|257|1
rival-sons--keep-on-swinging|239|1
robbie-williams-and-kylie-minogue--kids|260|1
rose-hill-drive--sneak-out|214|1
roy-orbison--oh-pretty-woman|179|1
royal-blood--little-monster|214|1
run-dmc--king-of-rock|314|1
rush--2112-pt-1-overture||0
rush--2112-pt-2-the-temples-of-syrinx||0
rush--2112-pt-3-discovery||0
rush--2112-pt-4-presentation||0
rush--2112-pt-5-oracle-the-dream||0
rush--2112-pt-6-soliloquy||0
rush--2112-pt-7-grand-finale||0
rush--the-spirit-of-radio|298|1
rush--yyz|266|i
rx-bandits--its-only-another-parsec|287|1
samhain--mother-of-mercy|191|1
santana--black-magic-woman|211|1
santana--no-one-to-depend-on|331|1
santigold--les-artistes|226|1
scandal--the-warrior|240|1
scars-on-broadway--they-say|168|1
scorpions--no-one-like-you|239|1
scorpions--rock-you-like-a-hurricane|254|1
scouts-of-st-sebastian--in-love||0
screaming-trees--nearly-lost-you|246|1
senses-fail--cant-be-saved|188|1
sex-pistols--anarchy-in-the-uk|212|1
sex-pistols--pretty-vacant|199|1
shadows-fall--the-light-that-blinds|298|1
shaimus--all-of-this|157|1
silversun-pickups--lazy-eye|354|1
silversun-pickups--theres-no-secrets-this-year|333|1
skid-row--18-and-life|232|1
skrillex--bangarang-ft-sirah|215|1
slash-featuring-ian-astbury--ghost|217|1
slayer--chemical-warfare|362|1
slayer--raining-blood|257|1
slayer--war-ensemble|291|1
slipknot--before-i-forget|215|1
slipknot--psychosocial|283|1
snot--deadfall|139|1
snow-patrol--take-back-the-city|278|1
social-distortion--mommys-little-monster|215|1
social-distortion--story-of-my-life|346|1
sonic-youth--incinerate|295|1
sonic-youth--kool-thing|246|1
soundgarden--been-away-too-long|216|1
soundgarden--black-rain|326|1
spacehog--in-the-meantime|300|1
spice-girls--wannabe|173|1
spinal-tap--tonight-im-gonna-rock-you-tonight|158|1
steely-dan--do-it-again|356|1
steve-miller-band--the-joker|265|1
steve-vai--speeding-vault-version|226|i
stevie-ray-vaughan--pride-and-joy|220|1
stevie-ray-vaughan--texas-flood|322|1
stevie-wonder--superstition|268|1
sting--demolition-man|326|1
stone-temple-pilots--interstate-love-song|194|1
stone-temple-pilots--sex-type-thing|218|1
stone-temple-pilots--trippin-on-a-hole-in-a-paper-heart|175|1
stray-cats--rock-this-town|206|1
strong-bad--trogdor|100|1
strung-out--calling|223|1
stuck-in-the-sound--toy-boy|265|1
styx--mr-roboto|331|1
styx--renegade|258|1
sublime--santeria|183|1
sublime--what-i-got|171|1
suicidal-tendencies--institutionalized|228|1
suicidal-tendencies--war-inside-my-head|210|1
sum-41--fat-lip|178|1
sum-41--motivation|171|1
sunny-day-real-estate--seven|286|1
superbus--radio-song|144|1
survivor--eye-of-the-tiger|244|1
system-of-a-down--byob|255|1
system-of-a-down--toxicity|220|1
t-rex--20th-century-boy|221|1
taylor-swift--love-story|236|1
taylor-swift--picture-to-burn|173|1
taylor-swift--you-belong-with-me|231|1
ted-nugent--cat-scratch-fever|217|1
ted-nugent--stranglehold|500|1
tenacious-d--master-exploder|145|1
tenacious-d--the-metal|166|1
tesla--modern-day-cowboy|319|1
that-handsome-devil--elephant-bones|215|1
the-1975--girls|255|1
the-acro-brats--callout|197|1
the-acro-brats--laughtrack|165|1
the-airborne-toxic-event--gasoline|201|1
the-all-american-rejects--dirty-little-secret|198|1
the-allman-brothers-band--jessica|450|i
the-allman-brothers-band--ramblin-man|291|1
the-amazing-crowns--mr-fix-it|153|1
the-answer--never-too-late|237|1
the-bags--cavemen-rejoice|220|1
the-black-crowes--hard-to-handle|189|1
the-black-keys--gold-on-the-ceiling|224|1
the-bravery--believe|226|1
the-breaking-wheel--one-for-the-road|268|1
the-bronx--six-days-a-week|188|1
the-butthole-surfers--who-was-in-my-room-last-night|249|1
the-charlie-daniels-band--the-devil-went-down-to-georgia|217|1
the-clash--complete-control|194|1
the-clash--safe-european-home|231|1
the-cult--love-removal-machine|258|1
the-cult--she-sells-sanctuary|263|1
the-cure--fascination-street|262|1
the-derek-trucks-band--younk-funk||0
the-dillinger-escape-plan--setting-fire-to-sleeping-giants|208|1
the-donnas--take-it-off|160|1
the-doors--love-me-two-times|195|1
the-duke-spirit--send-a-little-love-token|158|1
the-edgar-winter-group--frankenstein|286|i
the-edgar-winter-group--free-ride|188|1
the-enemy--aggro|203|1
the-exies--hey-you|239|1
the-fall-of-troy--fcpremix|238|1
the-gaslight-anthem--45|208|1
the-go-gos--our-lips-are-sealed|164|1
the-go-gos--we-got-the-beat|151|1
the-guess-who--american-woman|308|1
the-hives--tick-tick-boom|220|1
the-jackson-5--abc|176|1
the-jimi-hendrix-experience--purple-haze|171|1
the-jimi-hendrix-experience--spanish-castle-magic|350|1
the-jimi-hendrix-experience--the-wind-cries-mary|201|1
the-killers--all-the-pretty-faces|286|1
the-killers--when-you-were-young|219|1
the-kinks--all-day-and-all-of-the-night|140|1
the-kooks--naive|203|1
the-last-goodnight--pictures-of-you|190|1
the-last-vegas--raw-dog|211|1
the-living-end--carry-me-home|192|1
the-living-end--prisoner-of-society|229|1
the-lumineers--ho-hey|165|1
the-mars-volta--lvia-lviaquez|742|1
the-mighty-mighty-bosstones--the-impression-that-i-get|195|1
the-model-sons--story-of-my-love||0
the-neighborhoods--parasite|204|1
the-offspring--pretty-fly-for-a-white-guy|189|1
the-offspring--self-esteem|261|1
the-police--message-in-a-bottle|291|1
the-police--so-lonely|288|1
the-police--synchronicity-ii|305|1
the-pretenders--tattooed-love-boys|179|1
the-raconteurs--steady-as-she-goes|215|1
the-rolling-stones--cant-you-hear-me-knockin|436|1
the-rolling-stones--honky-tonk-women|181|1
the-rolling-stones--paint-it-black|204|1
the-rolling-stones--stray-cat-blues|278|1
the-rolling-stones--sympathy-for-the-devil|378|1
the-romantics--what-i-like-about-you|177|1
the-runaways--cherry-bomb|139|1
the-sleeping--dont-hold-back|273|1
the-slip--even-rats|358|1
the-smashing-pumpkins--bullet-with-butterfly-wings|258|1
the-smashing-pumpkins--cherub-rock|300|1
the-smashing-pumpkins--today|201|1
the-stone-roses--love-spreads|349|1
the-stone-roses--she-bangs-the-drums|225|1
the-strokes--reptilia|223|1
the-sword--freya|276|1
the-sword--maiden-mother-and-crone|239|1
the-sword--the-black-river|353|1
the-turtles--happy-together|177|1
the-upper-crust--eureka-ive-found-love|176|1
the-vapors--turning-japanese|226|1
the-vines--get-free|125|1
the-white-stripes--blue-orchid|158|1
the-white-stripes--seven-nation-army|232|1
the-who--the-seeker|190|1
the-who--wont-get-fooled-again|514|1
them-crooked-vultures--scumbag-blues|266|1
thin-lizzy--bad-reputation|187|1
thin-lizzy--jailbreak|244|1
thin-lizzy--the-boys-are-back-in-town|268|1
third-eye-blind--graduate|192|1
third-eye-blind--semi-charmed-life|33|1
thirty-seconds-to-mars--the-kill|232|1
thrice--deadbolt|180|1
toadies--possum-kingdom|308|1
tokio-hotel--monsoon|241|1
tom-petty--runnin-down-a-dream|263|1
tom-petty-and-the-heartbreakers--american-girl|209|1
tom-petty-and-the-heartbreakers--listen-to-her-heart|183|1
tonic--if-you-could-only-see|264|1
tool--parabola|609|1
tool--schism|405|1
tool--vicarious|427|1
trust--antisocial|312|1
tv-on-the-radio--wolf-like-me|279|1
twisted-sister--i-wanna-rock|180|1
twisted-sister--were-not-gonna-take-it|218|1
vagiant--ftk|194|1
valient-thorr--fall-of-pangea|424|1
vampire-weekend--a-punk|138|1
van-halen--aint-talkin-bout-love|227|1
van-halen--and-the-cradle-will-rock|213|1
van-halen--atomic-punk|182|1
van-halen--beautiful-girls|236|1
van-halen--cathedral|83|i
van-halen--dance-the-night-away|190|1
van-halen--eruption|106|1
van-halen--everybody-wants-some|310|1
van-halen--feel-your-love-tonight|223|1
van-halen--hang-em-high|209|1
van-halen--hear-about-it-later|272|1
van-halen--hot-for-teacher|283|1
van-halen--ice-cream-man|200|1
van-halen--im-the-one|230|1
van-halen--intruder-oh-pretty-woman|277|i
van-halen--jamies-cryin|209|1
van-halen--jump|241|1
van-halen--little-guitars|229|1
van-halen--loss-of-control|159|1
van-halen--mean-street|303|1
van-halen--panama|212|1
van-halen--romeo-delight|259|1
van-halen--runnin-with-the-devil|217|1
van-halen--so-this-is-love|185|1
van-halen--somebody-get-me-a-doctor|173|1
van-halen--spanish-fly|62|i
van-halen--unchained|209|1
van-halen--you-really-got-me|160|1
village-people--ymca|224|1
voivod--x-stream|302|1
warrant--cherry-pie|201|1
weezer--dope-nose|137|1
weezer--my-name-is-jonas|207|1
weezer--why-bother|128|1
white-lion--radar-love|360|1
white-zombie--black-sunshine|291|1
white-zombie--thunder-kiss-65|236|1
wild-cherry--play-that-funky-music|299|1
willie-nelson--on-the-road-again|153|1
winger--seventeen|247|1
wings--band-on-the-run|312|1
wolfmother--back-round|240|1
wolfmother--sundial|228|1
wolfmother--woman|176|1
x--los-angeles|145|1
yellowcard--ocean-avenue|3|1
yellowcard--the-takedown|217|1
you-me-at-six--lived-a-lie|204|1
zz-top--la-grange|234|1
zz-top--sharp-dressed-man|179|1
